ChangeId, ChangedFile, ChangeType, ChangeTypeDetail, ChangeSeverity, ChangeEdits, ChangeClassified, ChangeEffectedEntity 
I46ecdb09f03d33b0f33674295153e3249491d14f,plugins/org.eclipse.bpel.ui.noEmbeddedEditors/src/org/eclipse/bpel/ui/properties/AssignImplSection.java,METHOD_STATEMENT_UPDATE,VARIABLE_DECLARATION_STATEMENT,LOW,EditList[REPLACE(97-98 97-98)  REPLACE(100-101 100-101)  REPLACE(108-109 108-109)  INSERT(117-117 117-129)],OTHER,"org.eclipse.bpel.ui.properties.AssignImplSection.AssignImplSection()"
I46ecdb09f03d33b0f33674295153e3249491d14f,plugins/org.eclipse.bpel.ui.noEmbeddedEditors/src/org/eclipse/bpel/ui/properties/AssignImplSection.java,METHOD_STATEMENT_UPDATE,VARIABLE_DECLARATION_STATEMENT,LOW,EditList[REPLACE(97-98 97-98)  REPLACE(100-101 100-101)  REPLACE(108-109 108-109)  INSERT(117-117 117-129)],OTHER,"org.eclipse.bpel.ui.properties.AssignImplSection.AssignImplSection()"
I46ecdb09f03d33b0f33674295153e3249491d14f,plugins/org.eclipse.bpel.ui.noEmbeddedEditors/src/org/eclipse/bpel/ui/properties/AssignImplSection.java,METHOD_METHOD_RENAMING,METHOD,HIGH,EditList[REPLACE(97-98 97-98)  REPLACE(100-101 100-101)  REPLACE(108-109 108-109)  INSERT(117-117 117-129)],METHOD_RENAME,"org.eclipse.bpel.ui.properties.AssignImplSection.defaultToCategories()"
I46ecdb09f03d33b0f33674295153e3249491d14f,plugins/org.eclipse.bpel.ui.noEmbeddedEditors/src/org/eclipse/bpel/ui/properties/AssignImplSection.java,CLASS_ADDITIONAL_FUNCTIONALITY,METHOD,LOW,EditList[REPLACE(97-98 97-98)  REPLACE(100-101 100-101)  REPLACE(108-109 108-109)  INSERT(117-117 117-129)],OTHER,"org.eclipse.bpel.ui.properties.AssignImplSection"
I46ecdb09f03d33b0f33674295153e3249491d14f,plugins/org.eclipse.bpel.ui.noEmbeddedEditors/src/org/eclipse/bpel/ui/properties/ExpressionAssignCategory.java,METHOD_STATEMENT_INSERT,IF_STATEMENT,LOW,EditList[INSERT(14-14 14-15)  INSERT(118-118 119-125)  REPLACE(119-121 126-130)],OTHER,"org.eclipse.bpel.ui.properties.ExpressionAssignCategory.isCategoryForModel(EObject)"
I46ecdb09f03d33b0f33674295153e3249491d14f,plugins/org.eclipse.bpel.ui.noEmbeddedEditors/src/org/eclipse/bpel/ui/properties/ExpressionAssignCategory.java,METHOD_STATEMENT_INSERT,VARIABLE_DECLARATION_STATEMENT,LOW,EditList[INSERT(14-14 14-15)  INSERT(118-118 119-125)  REPLACE(119-121 126-130)],OTHER,"org.eclipse.bpel.ui.properties.ExpressionAssignCategory.isCategoryForModel(EObject)"
I46ecdb09f03d33b0f33674295153e3249491d14f,plugins/org.eclipse.bpel.ui.noEmbeddedEditors/src/org/eclipse/bpel/ui/properties/ExpressionAssignCategory.java,METHOD_STATEMENT_INSERT,IF_STATEMENT,LOW,EditList[INSERT(14-14 14-15)  INSERT(118-118 119-125)  REPLACE(119-121 126-130)],OTHER,"org.eclipse.bpel.ui.properties.ExpressionAssignCategory.isCategoryForModel(EObject)"
I46ecdb09f03d33b0f33674295153e3249491d14f,plugins/org.eclipse.bpel.ui.noEmbeddedEditors/src/org/eclipse/bpel/ui/properties/ExpressionAssignCategory.java,METHOD_STATEMENT_INSERT,IF_STATEMENT,LOW,EditList[INSERT(14-14 14-15)  INSERT(118-118 119-125)  REPLACE(119-121 126-130)],OTHER,"org.eclipse.bpel.ui.properties.ExpressionAssignCategory.isCategoryForModel(EObject)"
I46ecdb09f03d33b0f33674295153e3249491d14f,plugins/org.eclipse.bpel.ui.noEmbeddedEditors/src/org/eclipse/bpel/ui/properties/ExpressionAssignCategory.java,METHOD_STATEMENT_INSERT,RETURN_STATEMENT,LOW,EditList[INSERT(14-14 14-15)  INSERT(118-118 119-125)  REPLACE(119-121 126-130)],OTHER,"org.eclipse.bpel.ui.properties.ExpressionAssignCategory.isCategoryForModel(EObject)"
I46ecdb09f03d33b0f33674295153e3249491d14f,plugins/org.eclipse.bpel.ui.noEmbeddedEditors/src/org/eclipse/bpel/ui/properties/ExpressionAssignCategory.java,METHOD_STATEMENT_INSERT,RETURN_STATEMENT,LOW,EditList[INSERT(14-14 14-15)  INSERT(118-118 119-125)  REPLACE(119-121 126-130)],OTHER,"org.eclipse.bpel.ui.properties.ExpressionAssignCategory.isCategoryForModel(EObject)"
I46ecdb09f03d33b0f33674295153e3249491d14f,plugins/org.eclipse.bpel.ui.noEmbeddedEditors/src/org/eclipse/bpel/ui/properties/ExpressionAssignCategory.java,METHOD_STATEMENT_INSERT,RETURN_STATEMENT,LOW,EditList[INSERT(14-14 14-15)  INSERT(118-118 119-125)  REPLACE(119-121 126-130)],OTHER,"org.eclipse.bpel.ui.properties.ExpressionAssignCategory.isCategoryForModel(EObject)"
I46ecdb09f03d33b0f33674295153e3249491d14f,plugins/org.eclipse.bpel.ui.noEmbeddedEditors/src/org/eclipse/bpel/ui/properties/ExpressionAssignCategory.java,METHOD_STATEMENT_INSERT,RETURN_STATEMENT,LOW,EditList[INSERT(14-14 14-15)  INSERT(118-118 119-125)  REPLACE(119-121 126-130)],OTHER,"org.eclipse.bpel.ui.properties.ExpressionAssignCategory.isCategoryForModel(EObject)"
I46ecdb09f03d33b0f33674295153e3249491d14f,plugins/org.eclipse.bpel.ui.noEmbeddedEditors/src/org/eclipse/bpel/ui/properties/ExpressionAssignCategory.java,METHOD_STATEMENT_DELETE,RETURN_STATEMENT,MEDIUM,EditList[INSERT(14-14 14-15)  INSERT(118-118 119-125)  REPLACE(119-121 126-130)],OTHER,"org.eclipse.bpel.ui.properties.ExpressionAssignCategory.isCategoryForModel(EObject)"
I46ecdb09f03d33b0f33674295153e3249491d14f,plugins/org.eclipse.bpel.ui.noEmbeddedEditors/src/org/eclipse/bpel/ui/properties/ExpressionSection.java,METHOD_STATEMENT_INSERT,RETURN_STATEMENT,LOW,EditList[INSERT(12-12 12-13)  REPLACE(61-62 62-63)],OTHER,"org.eclipse.bpel.ui.properties.ExpressionSection.getExpressionLanguage()"
I46ecdb09f03d33b0f33674295153e3249491d14f,plugins/org.eclipse.bpel.ui.noEmbeddedEditors/src/org/eclipse/bpel/ui/properties/ExpressionSection.java,METHOD_STATEMENT_DELETE,RETURN_STATEMENT,MEDIUM,EditList[INSERT(12-12 12-13)  REPLACE(61-62 62-63)],OTHER,"org.eclipse.bpel.ui.properties.ExpressionSection.getExpressionLanguage()"
